scenario,wti_usd_bbl,wti_wcs_diff_usd_bbl,implied_wcs_usd_bbl
Low price / wide differential,49.822,16.789,33.033
Base case,62.16761904761905,13.897500000000008,48.27011904761904
High price / moderate differential,73.08818181818182,13.897500000000008,59.190681818181815
Boom price / narrow differential,84.74590476190477,11.968421052631577,72.77748370927318
