quantile,wti_usd_bbl,wti_wcs_diff_usd_bbl,wcs_usd_bbl
0.1,42.3667619047619,9.921657142857146,29.060000000000002
0.25,49.822,11.968421052631577,36.47
0.5,62.16761904761905,13.897500000000008,47.22
0.75,73.08818181818182,16.789,57.83
0.9,84.74590476190477,22.009686956521755,67.95400000000001
